{
  "type": "minecraft:crafting_shaped",
  "pattern": [
    "012",
    "3 5",
    "678"
  ],
  "key": {
    "0": {
      "item": "minecraft:iron_ingot"
    },
    "1": {
      "item": "minecraft:iron_nugget"
    },
    "2": {
      "item": "minecraft:iron_ingot"
    },
    "3": {
      "item": "minecraft:iron_ingot"
    },
    "5": {
      "item": "minecraft:iron_ingot"
    },
    "6": {
      "item": "minecraft:iron_ingot"
    },
    "7": {
      "item": "minecraft:iron_ingot"
    },
    "8": {
      "item": "minecraft:iron_ingot"
    }
  },
  "result": {
    "item": "fanta:emptycan",
    "count": 1
  }
}