{
  "display": {
    "background": "minecraft:textures/block/stone.png",
    "icon": {
      "item": "fanta:fanta"
    },
    "title": {
      "translate": "advancements.fanty_pants.title"
    },
    "description": {
      "translate": "advancements.fanty_pants.descr"
    },
    "frame": "task",
    "show_toast": true,
    "announce_to_chat": true,
    "hidden": false
  },
  "criteria": {
    "fanty_pants": {
      "trigger": "minecraft:consume_item",
      "conditions": {
        "item": {
          "items": [
            "fanta:fanta"
          ]
        }
      }
    }
  },
  "rewards": {
    "experience": 999
  }
}