{
  "_fv": 28,
  "_type": "villagertrade",
  "definition": {
    "tradeEntries": [
      {
        "villagerProfession": {
          "value": "CLERIC"
        },
        "entries": [
          {
            "price1": {
              "value": "Items.SUGAR"
            },
            "countPrice1": 32,
            "price2": {
              "value": "Items.DIAMOND"
            },
            "countPrice2": 32,
            "offer": {
              "value": "CUSTOM:Fanta"
            },
            "countOffer": 64,
            "level": 1,
            "maxTrades": 1000,
            "xp": 100,
            "priceMultiplier": 0.01
          }
        ]
      }
    ]
  }
}