{
  "_fv": 28,
  "_type": "achievement",
  "definition": {
    "achievementName": "Fanty Pants",
    "achievementDescription": "Fanta",
    "achievementIcon": {
      "value": "CUSTOM:Fanta"
    },
    "background": "Default",
    "disableDisplay": false,
    "showPopup": true,
    "announceToChat": true,
    "hideIfNotCompleted": false,
    "rewardLoot": [],
    "rewardRecipes": [],
    "rewardFunction": "No function",
    "rewardXP": 999,
    "achievementType": "task",
    "parent": {
      "value": "No parent: root"
    },
    "triggerxml": "<xml xmlns=\"https://developers.google.com/blockly/xml\"><block type=\"item_consumed\" x=\"61\" y=\"36\"><value name=\"item\"><block type=\"mcitem_all\"><field name=\"value\">CUSTOM:Fanta</field></block></value><next><block type=\"advancement_trigger\" deletable=\"false\"></block></next></block></xml>"
  }
}