{
  "_fv": 28,
  "_type": "dimension",
  "definition": {
    "biomesInDimension": [
      {
        "value": "CUSTOM:Fantabiome"
      }
    ],
    "worldGenType": "Nether like gen",
    "mainFillerBlock": {
      "value": "Blocks.STAINED_GLASS#1"
    },
    "fluidBlock": {
      "value": "CUSTOM:Purefanta"
    },
    "canRespawnHere": true,
    "hasFog": false,
    "isDark": false,
    "doesWaterVaporize": false,
    "sleepResult": "ALLOW",
    "hasSkyLight": true,
    "imitateOverworldBehaviour": false,
    "portalFrame": {
      "value": "CUSTOM:Solidfanta"
    },
    "portalParticles": {
      "value": "EXPLOSION_NORMAL"
    },
    "portalLuminance": 0,
    "portalSound": {
      "value": "block.portal.ambient"
    },
    "igniterName": "Fanta Portal Igniter",
    "igniterTab": {
      "value": "TOOLS"
    },
    "texture": "oip_8_1",
    "portalTexture": "screenshot_2022-07-25_153517",
    "enablePortal": true
  }
}